id,地点,x,y
1,西安,108.948024,34.263161
2,宁陕,108.31515,33.31726
3,子午,108.037561,33.19387299
4,西乡,107.76867,32.98411
