id,地点,x,y
1,西乡,107.76867,32.98411
2,镇巴,107.89648,32.53487
3,万源,108.03598,32.08091
4,宣汉,107.72775,31.35516
5,开江,107.86889,31.0841
6,涪陵,107.39007,29.70292
